"Time (s)","Latitude (°)","Longitude (°)","Height (m)","Velocity (m/s)","Direction (°)","Horizontal Accuracy (m)","Vertical Accuracy (m)"
0.000000000E0,6.506191340E1,2.546082840E1,NaN,NaN,NaN,1.000000000E3,0.000000000E0
0.000000000E0,6.506079770E1,2.546569860E1,2.431464197E1,NaN,NaN,1.361100006E1,1.160399079E0
1.954913090E-1,6.506071940E1,2.546585920E1,2.431468992E1,NaN,NaN,1.148099995E1,1.399347425E0
1.362569426E0,6.506071940E1,2.546585920E1,2.431468992E1,NaN,NaN,1.965000153E1,3.033147335E0
2.084749131E1,6.506074590E1,2.546595960E1,2.421469251E1,NaN,NaN,1.112800026E1,1.000000000E0
4.084749131E1,6.506078210E1,2.546675310E1,2.171476735E1,NaN,NaN,2.611599922E1,1.965503693E0
5.216917253E1,6.506064227E1,2.546695186E1,1.264179537E1,6.399999857E-1,1.561999969E2,1.368293762E1,1.654405975E1
5.316917118E1,6.506072176E1,2.546683746E1,2.134518238E1,5.500000119E-1,1.561999969E2,1.344268036E1,1.787394142E1
5.416916998E1,6.506071161E1,2.546688628E1,2.493064094E1,1.800000072E-1,1.561999969E2,9.932808876E0,1.367091560E1
5.516928560E1,6.506072514E1,2.546685372E1,2.221945049E1,1.899999976E-1,1.561999969E2,7.358226776E0,1.053284836E1
5.616940034E1,6.506073897E1,2.546686370E1,2.152779592E1,1.700000018E-1,1.561999969E2,6.163487911E0,8.434291840E0
5.716948123E1,6.506073489E1,2.546683928E1,2.942562190E1,3.899999857E-1,1.561999969E2,5.881931782E0,8.250462532E0
5.816951227E1,6.506067293E1,2.546691450E1,3.082744842E1,2.800000012E-1,1.561999969E2,7.425722599E0,1.097475719E1
5.916956935E1,6.506067291E1,2.546692754E1,3.712505731E1,2.599999905E-1,1.561999969E2,7.228727818E0,1.086904621E1
6.016964420E1,6.506066896E1,2.546695071E1,3.014868201E1,3.100000024E-1,1.561999969E2,6.717733383E0,1.020757198E1
6.116970092E1,6.506070022E1,2.546690269E1,3.870323013E1,0.000000000E0,NaN,7.065124035E0,1.014340496E1
6.216974732E1,6.506070521E1,2.546696904E1,3.560948564E1,2.099999934E-1,1.561999969E2,7.105088234E0,1.042303944E1
6.316890763E1,6.506078157E1,2.546698772E1,3.264730034E1,2.300000042E-1,1.561999969E2,4.643868446E0,1.140741634E1
6.416920378E1,6.506077700E1,2.546698098E1,3.437069001E1,1.599999964E-1,1.561999969E2,4.804165840E0,1.135033035E1
6.516896722E1,6.506077499E1,2.546700892E1,3.224947808E1,3.700000048E-1,1.561999969E2,4.739648342E0,1.076243687E1
6.616908503E1,6.506076527E1,2.546698286E1,2.541665417E1,2.800000012E-1,1.561999969E2,4.584567547E0,7.250402451E0
6.716895774E1,6.506076375E1,2.546699554E1,2.621536222E1,2.000000030E-1,1.561999969E2,4.738866806E0,7.686746120E0
6.816914654E1,6.506077035E1,2.546696969E1,3.315841101E1,2.000000030E-1,1.561999969E2,4.804590225E0,6.873640537E0
6.916897232E1,6.506079109E1,2.546695700E1,3.462806719E1,2.099999934E-1,1.561999969E2,4.918067455E0,5.979556561E0
7.016909904E1,6.506075497E1,2.546693132E1,3.084237256E1,0.000000000E0,NaN,5.209995747E0,1.115190411E1
7.116925039E1,6.506077312E1,2.546699359E1,4.299343460E1,1.899999976E-1,1.561999969E2,4.867183208E0,8.475660324E0
7.216897638E1,6.506076335E1,2.546695127E1,3.840352882E1,8.600000143E-1,1.793000031E2,5.796598434E0,9.366454124E0
7.316922075E1,6.506072090E1,2.546697493E1,3.879490510E1,0.000000000E0,NaN,5.928681850E0,1.030602264E1
7.416939278E1,6.506079410E1,2.546695748E1,4.003333954E1,6.000000238E-1,1.793000031E2,6.199494839E0,1.158537292E1
7.516937872E1,6.506077175E1,2.546694793E1,4.182375228E1,7.699999809E-1,8.600000381E0,6.665399075E0,1.212106895E1
7.616972987E1,6.506087460E1,2.546682674E1,3.559493965E1,9.599999785E-1,3.231000061E2,8.457370758E0,1.435133648E1
7.716897476E1,6.506087551E1,2.546680993E1,4.141109954E1,2.800000012E-1,3.231000061E2,8.143613815E0,1.353842163E1
7.816915336E1,6.506080868E1,2.546696788E1,3.592573015E1,3.000000119E-1,3.231000061E2,7.638415337E0,1.230481815E1
7.916895658E1,6.506084457E1,2.546694275E1,3.715557202E1,2.800000012E-1,3.231000061E2,7.515557766E0,1.137949848E1
8.016892393E1,6.506080743E1,2.546696614E1,3.374524947E1,1.700000018E-1,3.231000061E2,6.121251583E0,8.597140312E0
8.116970455E1,6.506072695E1,2.546693121E1,1.470981490E1,1.599999964E-1,3.231000061E2,7.112169743E0,1.022680378E1
8.216979580E1,6.506085943E1,2.546688531E1,1.988499107E1,4.499999881E-1,3.231000061E2,7.839242458E0,1.133792877E1
8.316961752E1,6.506075479E1,2.546609345E1,-5.269714972E1,0.000000000E0,NaN,7.804704666E0,1.780507469E1
8.367784398E1,6.506077711E1,2.546617022E1,-3.478403323E1,2.500000000E-1,1.960000000E2,5.642004967E0,9.711032867E0
8.467760492E1,6.506079520E1,2.546637175E1,-1.155226714E1,2.300000042E-1,2.295000000E2,5.087775230E0,6.836554050E0
8.567734070E1,6.506079192E1,2.546650904E1,-9.605045946E0,1.899999976E-1,1.466000061E2,4.468300819E0,5.780910015E0
8.667700835E1,6.506077210E1,2.546668011E1,-8.532797406E-1,0.000000000E0,NaN,4.239403248E0,5.080162048E0
8.767703314E1,6.506077796E1,2.546675686E1,6.806011097E-1,3.400000036E-1,7.640000153E1,4.137407780E0,4.704689026E0
8.867789741E1,6.506078326E1,2.546683862E1,6.939824532E0,0.000000000E0,NaN,4.039574623E0,5.400763512E0
8.967700893E1,6.506078905E1,2.546690102E1,1.362104267E1,5.799999833E-1,8.019999695E1,3.817002296E0,4.105745792E0
9.067785721E1,6.506079507E1,2.546694920E1,1.911237877E1,4.799999893E-1,7.069999695E1,3.790092468E0,3.486315250E0
9.167762002E1,6.506079873E1,2.546698528E1,2.101643414E1,1.599999964E-1,3.529999924E1,3.790092468E0,3.102390766E0
9.267734778E1,6.506080045E1,2.546702424E1,2.143617660E1,4.300000072E-1,7.219999695E1,3.790092468E0,3.438804865E0
9.367762736E1,6.506080251E1,2.546707240E1,2.228011431E1,9.599999785E-1,7.700000000E1,3.790092468E0,3.561378717E0
9.467758663E1,6.506079959E1,2.546711463E1,2.258462454E1,1.039999962E0,1.030000000E2,3.790092468E0,3.619019508E0
9.567744965E1,6.506079564E1,2.546715774E1,2.310159864E1,1.309999943E0,1.010999985E2,3.790092468E0,3.598704576E0
9.667730450E1,6.506079219E1,2.546719438E1,2.328708989E1,1.389999986E0,1.019000015E2,3.790092468E0,3.549556255E0
9.767711793E1,6.506078692E1,2.546723481E1,2.380839770E1,1.600000024E0,1.010999985E2,3.790092468E0,3.534168959E0
9.867708725E1,6.506078462E1,2.546727412E1,2.355748744E1,1.659999967E0,9.500000000E1,3.790092468E0,3.296810627E0
9.967787152E1,6.506078304E1,2.546730857E1,2.377911055E1,1.629999995E0,9.419999695E1,3.790092468E0,3.249775648E0
1.006773474E2,6.506078073E1,2.546733758E1,2.331012053E1,1.559999943E0,9.240000153E1,3.790092468E0,3.145989656E0
1.016770643E2,6.506077838E1,2.546735723E1,2.283826083E1,1.139999986E0,9.669999695E1,3.790092468E0,2.990385532E0
1.026772936E2,6.506077576E1,2.546737619E1,2.244293925E1,1.159999967E0,9.930000305E1,3.790092468E0,2.836448431E0
1.036772587E2,6.506077367E1,2.546739933E1,2.222870923E1,1.240000010E0,1.009000015E2,3.790092468E0,2.776151657E0
1.046776654E2,6.506077342E1,2.546742382E1,2.226984976E1,1.240000010E0,9.400000000E1,3.790092468E0,2.730375051E0
1.056772031E2,6.506077326E1,2.546745188E1,2.205781683E1,1.389999986E0,9.440000153E1,3.790092468E0,2.673867464E0
1.066772480E2,6.506077265E1,2.546748160E1,2.156276423E1,1.350000024E0,9.250000000E1,3.790092468E0,2.907844782E0
1.076835949E2,6.506077249E1,2.546751970E1,2.137905273E1,1.690000057E0,9.090000153E1,3.790092468E0,2.720115423E0
1.086774322E2,6.506077346E1,2.546755529E1,2.097506464E1,1.549999952E0,9.030000305E1,3.790092468E0,2.680930376E0
1.096771988E2,6.506077419E1,2.546758818E1,2.086532682E1,1.500000000E0,8.980000305E1,3.790092468E0,2.700146198E0
1.106772465E2,6.506077390E1,2.546761760E1,2.081076479E1,1.370000005E0,9.269999695E1,3.790092468E0,2.676488638E0
1.116772675E2,6.506077350E1,2.546764290E1,2.098575557E1,1.220000029E0,8.969999695E1,3.790092468E0,2.641950607E0
1.126770149E2,6.506077391E1,2.546766883E1,2.102750636E1,1.250000000E0,8.859999847E1,3.790092468E0,2.664875507E0
1.136769893E2,6.506077529E1,2.546769342E1,2.096165164E1,1.070000052E0,8.340000153E1,3.790092468E0,2.598002195E0
1.146772767E2,6.506077498E1,2.546772617E1,2.123582534E1,1.340000033E0,9.169999695E1,3.790092468E0,2.569168329E0
1.156835526E2,6.506077858E1,2.546776295E1,2.156047408E1,1.549999952E0,7.990000153E1,3.790092468E0,2.500000000E0
1.166773572E2,6.506078407E1,2.546779686E1,2.172270722E1,1.450000048E0,7.500000000E1,3.790092468E0,2.512075901E0
1.176774610E2,6.506079001E1,2.546783031E1,2.177300166E1,1.490000010E0,7.419999695E1,3.790092468E0,2.615505457E0
1.186774299E2,6.506079527E1,2.546786341E1,2.183635785E1,1.559999943E0,7.730000305E1,3.790092468E0,2.621580839E0
1.196773641E2,6.506079979E1,2.546789518E1,2.156872052E1,1.549999952E0,7.740000153E1,3.790092468E0,2.536840200E0
1.206774225E2,6.506080268E1,2.546792580E1,2.127984344E1,1.429999948E0,8.369999695E1,3.790092468E0,2.500000000E0
1.216769976E2,6.506080456E1,2.546795308E1,2.106310994E1,1.350000024E0,8.450000000E1,3.790092468E0,2.500000000E0
1.226776568E2,6.506080640E1,2.546798088E1,2.089819535E1,1.320000052E0,8.309999847E1,3.790092468E0,2.500000000E0
1.236776433E2,6.506080807E1,2.546800651E1,2.072894709E1,1.149999976E0,8.440000153E1,3.790092468E0,2.500000000E0
1.246774066E2,6.506080864E1,2.546803492E1,2.059192613E1,1.259999990E0,8.759999847E1,3.790092468E0,2.500000000E0
1.256774091E2,6.506080983E1,2.546806494E1,2.050385530E1,1.389999986E0,8.859999847E1,3.790092468E0,2.500000000E0
1.266771930E2,6.506081225E1,2.546809782E1,2.049970766E1,1.529999971E0,8.240000153E1,3.790092468E0,2.500000000E0
1.276775116E2,6.506081254E1,2.546813393E1,2.050770719E1,1.700000048E0,9.090000153E1,3.790092468E0,2.500000000E0
1.286773130E2,6.506081263E1,2.546816854E1,2.018343124E1,1.590000033E0,9.430000305E1,3.790092468E0,2.500000000E0
1.296811218E2,6.506081332E1,2.546820473E1,2.024624020E1,1.730000019E0,8.959999847E1,3.790092468E0,2.500000000E0
1.306769617E2,6.506081490E1,2.546823901E1,2.018960281E1,1.629999995E0,8.780000305E1,3.790092468E0,2.500000000E0
1.316775657E2,6.506081588E1,2.546826977E1,2.013327043E1,1.529999971E0,9.209999847E1,3.790092468E0,2.500000000E0
1.326775695E2,6.506081716E1,2.546829828E1,2.004281903E1,1.460000038E0,8.900000000E1,3.790092468E0,2.500000000E0
1.336775628E2,6.506081849E1,2.546832264E1,1.966873677E1,1.190000057E0,8.690000153E1,3.790092468E0,2.500000000E0
1.346777452E2,6.506082041E1,2.546835246E1,1.960984045E1,1.480000019E0,8.700000000E1,3.790092468E0,2.500000000E0
1.356772285E2,6.506082099E1,2.546838245E1,1.977970442E1,1.389999986E0,9.169999695E1,3.790092468E0,2.500000000E0
1.366779358E2,6.506082136E1,2.546840894E1,2.024955587E1,1.259999990E0,9.419999695E1,3.790092468E0,2.500000000E0
1.376773032E2,6.506082201E1,2.546843984E1,2.003349463E1,1.500000000E0,8.800000000E1,3.790092468E0,2.500000000E0
1.386772336E2,6.506082398E1,2.546847343E1,2.004808504E1,1.570000052E0,8.540000153E1,3.790092468E0,2.500000000E0
1.396770492E2,6.506082461E1,2.546851159E1,2.042705635E1,1.750000000E0,9.040000153E1,3.790092468E0,2.500000000E0
1.406772760E2,6.506082410E1,2.546854917E1,2.030792012E1,1.710000038E0,9.259999847E1,3.790092468E0,2.500000000E0
1.416771857E2,6.506082372E1,2.546858300E1,2.048663498E1,1.620000005E0,9.319999695E1,3.790092468E0,2.500000000E0
1.426778983E2,6.506082340E1,2.546861464E1,2.043634568E1,1.559999943E0,9.319999695E1,3.790092468E0,2.500000000E0
1.436777222E2,6.506082298E1,2.546863875E1,2.000702724E1,1.210000038E0,9.469999695E1,3.790092468E0,2.500000000E0
1.446770775E2,6.506082194E1,2.546866259E1,1.968146878E1,1.220000029E0,9.559999847E1,3.790092468E0,2.500000000E0
1.456769660E2,6.506082092E1,2.546868917E1,1.942506345E1,1.340000033E0,9.680000305E1,3.790092468E0,2.500000000E0
1.466772285E2,6.506081965E1,2.546871531E1,1.912391940E1,1.279999971E0,9.569999695E1,3.790092468E0,2.500000000E0
1.476769320E2,6.506081930E1,2.546874359E1,1.894844662E1,1.259999990E0,9.419999695E1,3.790092468E0,2.500000000E0
1.486772629E2,6.506081945E1,2.546877516E1,1.919295693E1,1.389999986E0,9.030000305E1,3.790092468E0,2.500000000E0
1.496778060E2,6.506081981E1,2.546880974E1,1.919412032E1,1.570000052E0,8.959999847E1,3.790092468E0,2.500000000E0
1.506778974E2,6.506081967E1,2.546884673E1,1.926040869E1,1.669999957E0,9.030000305E1,3.790092468E0,2.500000000E0
1.516779227E2,6.506081873E1,2.546888604E1,1.908768395E1,1.779999971E0,9.150000000E1,3.790092468E0,2.500000000E0
1.526775009E2,6.506081907E1,2.546892070E1,1.922642061E1,1.570000052E0,8.569999695E1,3.790092468E0,2.500000000E0
1.536771056E2,6.506081975E1,2.546895507E1,1.929954431E1,1.659999967E0,8.540000153E1,3.790092468E0,2.500000000E0
1.546776362E2,6.506081886E1,2.546898796E1,1.968345946E1,1.559999943E0,8.930000305E1,3.790092468E0,2.500000000E0
1.556775051E2,6.506081814E1,2.546901724E1,1.961492053E1,1.409999967E0,8.909999847E1,3.790092468E0,2.500000000E0
1.566772878E2,6.506081925E1,2.546904382E1,1.934404905E1,1.299999952E0,8.350000000E1,3.790092468E0,2.500000000E0
1.576778383E2,6.506081924E1,2.546907347E1,1.919433314E1,1.399999976E0,8.840000153E1,3.790092468E0,2.500000000E0
1.586770932E2,6.506081888E1,2.546909939E1,1.866394066E1,1.169999957E0,9.300000000E1,3.790092468E0,2.500000000E0
1.596778070E2,6.506081699E1,2.546912774E1,1.869897873E1,1.360000014E0,1.030000000E2,3.790092468E0,2.500000000E0
1.606771683E2,6.506081577E1,2.546915743E1,1.879108457E1,1.399999976E0,9.430000305E1,3.790092468E0,2.500000000E0
1.616774841E2,6.506081675E1,2.546918845E1,1.866218141E1,1.450000048E0,9.019999695E1,3.790092468E0,2.500000000E0
1.626777441E2,6.506081682E1,2.546922082E1,1.879383784E1,1.490000010E0,9.209999847E1,3.790092468E0,2.500000000E0
1.636777823E2,6.506081557E1,2.546925364E1,1.854005780E1,1.559999943E0,9.980000305E1,3.790092468E0,2.500000000E0
1.646771592E2,6.506081512E1,2.546929029E1,1.889827740E1,1.700000048E0,9.619999695E1,3.790092468E0,2.500000000E0
1.656776645E2,6.506081520E1,2.546932670E1,1.888094746E1,1.690000057E0,9.209999847E1,3.790092468E0,2.500000000E0
1.666774829E2,6.506081530E1,2.546936243E1,1.901937915E1,1.669999957E0,8.859999847E1,3.790092468E0,2.500000000E0
1.676777326E2,6.506081482E1,2.546939794E1,1.922397315E1,1.659999967E0,9.409999847E1,3.790092468E0,2.500000000E0
1.686770224E2,6.506081313E1,2.546942693E1,1.931961912E1,1.419999957E0,9.669999695E1,3.790092468E0,2.500000000E0
1.696777843E2,6.506081250E1,2.546945238E1,1.920200746E1,1.259999990E0,8.940000153E1,3.790092468E0,2.500000000E0
1.706772377E2,6.506081167E1,2.546947826E1,1.895182756E1,1.320000052E0,9.019999695E1,3.790092468E0,2.500000000E0
1.716771442E2,6.506081106E1,2.546950046E1,1.839934004E1,1.019999981E0,8.840000153E1,3.790092468E0,2.500000000E0
1.726769963E2,6.506081126E1,2.546952852E1,1.825383529E1,1.259999990E0,8.559999847E1,3.790092468E0,2.500000000E0
1.736771729E2,6.506081150E1,2.546955728E1,1.834362113E1,1.230000019E0,8.309999847E1,3.790092468E0,2.500000000E0
1.746776712E2,6.506081162E1,2.546959116E1,1.855498962E1,1.429999948E0,8.659999847E1,3.790092468E0,2.500000000E0
1.756771671E2,6.506081027E1,2.546962903E1,1.865405443E1,1.600000024E0,9.050000000E1,3.790092468E0,2.500000000E0
1.766778937E2,6.506081033E1,2.546966785E1,1.859973746E1,1.639999986E0,8.900000000E1,3.790092468E0,2.500000000E0
1.776775825E2,6.506081101E1,2.546970823E1,1.881421925E1,1.830000043E0,8.780000305E1,3.790092468E0,2.500000000E0
1.786770205E2,6.506081233E1,2.546974416E1,1.914369054E1,1.639999986E0,8.830000305E1,3.790092468E0,2.500000000E0
1.796774817E2,6.506081230E1,2.546978180E1,1.933955658E1,1.740000010E0,9.230000305E1,3.790092468E0,2.500000000E0
1.806771203E2,6.506081153E1,2.546981482E1,1.932546144E1,1.519999981E0,9.109999847E1,3.790092468E0,2.500000000E0
1.816769833E2,6.506081107E1,2.546984613E1,1.933828250E1,1.539999962E0,9.259999847E1,3.790092468E0,2.500000000E0
1.826770380E2,6.506081107E1,2.546987362E1,1.911080754E1,1.320000052E0,9.240000153E1,3.790092468E0,2.500000000E0
1.836770497E2,6.506080990E1,2.546990212E1,1.911020082E1,1.419999957E0,9.900000000E1,3.790092468E0,2.500000000E0
1.846778153E2,6.506080850E1,2.546992613E1,1.859915668E1,1.230000019E0,9.690000153E1,3.790092468E0,2.500000000E0
1.856779313E2,6.506080843E1,2.546994983E1,1.830240642E1,1.149999976E0,9.219999695E1,3.790092468E0,2.500000000E0
1.866774120E2,6.506080790E1,2.546997823E1,1.839902845E1,1.370000005E0,9.240000153E1,3.790092468E0,2.500000000E0
1.876769712E2,6.506080799E1,2.547000855E1,1.846281355E1,1.370000005E0,8.640000153E1,3.790092468E0,2.500000000E0
1.886778464E2,6.506080894E1,2.547004157E1,1.851469676E1,1.559999943E0,8.519999695E1,3.790092468E0,2.500000000E0
1.896773589E2,6.506080899E1,2.547007921E1,1.882713991E1,1.750000000E0,8.830000305E1,3.790092468E0,2.500000000E0
1.906773516E2,6.506081040E1,2.547011784E1,1.885503677E1,1.779999971E0,8.609999847E1,3.790092468E0,2.500000000E0
1.916771995E2,6.506081129E1,2.547015444E1,1.883721825E1,1.730000019E0,8.950000000E1,3.790092468E0,2.500000000E0
1.926770396E2,6.506081009E1,2.547018845E1,1.878967613E1,1.659999967E0,9.340000153E1,3.790092468E0,2.500000000E0
1.936769986E2,6.506080899E1,2.547021893E1,1.872186989E1,1.470000029E0,9.409999847E1,3.790092468E0,2.500000000E0
1.946770795E2,6.506080984E1,2.547024820E1,1.876832060E1,1.440000057E0,8.540000153E1,3.790092468E0,2.500000000E0
1.956777608E2,6.506081176E1,2.547027199E1,1.849152809E1,1.179999948E0,8.509999847E1,3.790092468E0,2.500000000E0
1.966774854E2,6.506081462E1,2.547029751E1,1.829737703E1,1.320000052E0,8.180000305E1,3.790092468E0,2.500000000E0
1.976772877E2,6.506082325E1,2.547032089E1,1.815192959E1,1.350000024E0,5.670000076E1,3.790092468E0,2.500000000E0
1.986769875E2,6.506083749E1,2.547033862E1,1.825098624E1,1.409999967E0,3.320000076E1,3.790092468E0,2.500000000E0
1.996774666E2,6.506085348E1,2.547034674E1,1.832947229E1,1.350000024E0,1.469999981E1,3.790092468E0,2.500000000E0
2.006774450E2,6.506087016E1,2.547034864E1,1.839855797E1,1.370000005E0,4.699999809E0,3.790092468E0,2.500000000E0
2.016778651E2,6.506088802E1,2.547034808E1,1.829930797E1,1.620000005E0,3.582000122E2,3.790092468E0,2.500000000E0
2.026776245E2,6.506090666E1,2.547034346E1,1.834770127E1,1.730000019E0,3.527000122E2,3.790092468E0,2.500000000E0
2.036770125E2,6.506092582E1,2.547033811E1,1.864945121E1,1.830000043E0,3.497000122E2,3.790092468E0,2.500000000E0
2.047050395E2,6.506094269E1,2.547033464E1,1.891329941E1,1.740000010E0,3.513999939E2,3.790092468E0,2.500000000E0
2.056780108E2,6.506095922E1,2.547033078E1,1.893074876E1,1.779999971E0,3.507999878E2,3.790092468E0,2.500000000E0
2.066785226E2,6.506097279E1,2.547032658E1,1.845369236E1,1.549999952E0,3.492000122E2,3.790092468E0,2.500000000E0
2.076788317E2,6.506098512E1,2.547032131E1,1.846265926E1,1.500000000E0,3.495000000E2,3.790092468E0,2.500000000E0
2.086783917E2,6.506099747E1,2.547031554E1,1.810956555E1,1.509999990E0,3.487999878E2,3.790092468E0,2.500000000E0
2.096786629E2,6.506100872E1,2.547031005E1,1.775720471E1,1.320000052E0,3.492000122E2,3.790092468E0,2.500000000E0
2.106782679E2,6.506101735E1,2.547030745E1,1.692578025E1,1.159999967E0,3.511000061E2,3.790092468E0,2.500000000E0
2.116783975E2,6.506102872E1,2.547030467E1,1.721868334E1,1.389999986E0,3.542000122E2,3.790092468E0,2.500000000E0
2.126783641E2,6.506104185E1,2.547030097E1,1.746178097E1,1.480000019E0,3.517999878E2,3.790092468E0,2.500000000E0
2.136785273E2,6.506105560E1,2.547029656E1,1.734892126E1,1.559999943E0,3.501000061E2,3.790092468E0,2.500000000E0
2.146782296E2,6.506106987E1,2.547029139E1,1.754239672E1,1.559999943E0,3.510000000E2,3.790092468E0,2.500000000E0
2.156780015E2,6.506108557E1,2.547028575E1,1.802786376E1,1.769999981E0,3.517000122E2,3.790092468E0,2.500000000E0
2.166782665E2,6.506110077E1,2.547027773E1,1.827028874E1,1.769999981E0,3.500000000E2,3.790092468E0,2.500000000E0
2.176787577E2,6.506111525E1,2.547026760E1,1.806111463E1,1.740000010E0,3.475000000E2,3.790092468E0,2.500000000E0
2.186781040E2,6.506112776E1,2.547025667E1,1.770740993E1,1.519999981E0,3.448999939E2,3.790092468E0,2.500000000E0
2.196781701E2,6.506114026E1,2.547024911E1,1.778638383E1,1.549999952E0,3.457999878E2,3.790092468E0,2.500000000E0
2.206783268E2,6.506115098E1,2.547024436E1,1.753210677E1,1.370000005E0,3.491000061E2,3.790092468E0,2.500000000E0
2.216789238E2,6.506116249E1,2.547024263E1,1.744592057E1,1.470000029E0,3.552000122E2,3.790092468E0,2.500000000E0
2.226788871E2,6.506117327E1,2.547024144E1,1.727794760E1,1.299999952E0,3.550000000E2,3.790092468E0,2.500000000E0
2.236784944E2,6.506118568E1,2.547023996E1,1.747325522E1,1.470000029E0,3.568999939E2,3.790092468E0,2.500000000E0
2.246787024E2,6.506119780E1,2.547023814E1,1.739378265E1,1.330000043E0,3.561000061E2,3.790092468E0,2.500000000E0
2.256788319E2,6.506121030E1,2.547023309E1,1.728092334E1,1.379999995E0,3.497000122E2,3.790092468E0,2.500000000E0
2.266779905E2,6.506122368E1,2.547022711E1,1.743368859E1,1.500000000E0,3.518999939E2,3.790092468E0,2.500000000E0
2.276787065E2,6.506123690E1,2.547022723E1,1.776339550E1,1.360000014E0,4.000000060E-1,3.790092468E0,2.500000000E0
2.286786055E2,6.506125051E1,2.547023496E1,1.794460458E1,1.549999952E0,1.569999981E1,3.790092468E0,2.500000000E0
2.296789111E2,6.506126298E1,2.547025652E1,1.795149924E1,1.740000010E0,3.720000076E1,3.790092468E0,2.500000000E0
2.306788110E2,6.506127000E1,2.547028622E1,1.808821866E1,1.629999995E0,5.409999847E1,3.790092468E0,2.500000000E0
2.316782977E2,6.506127430E1,2.547032240E1,1.854207851E1,1.750000000E0,6.440000153E1,3.790092468E0,2.500000000E0
2.326788597E2,6.506127973E1,2.547035503E1,1.862771244E1,1.649999976E0,5.620000076E1,3.790092468E0,2.500000000E0
2.336784436E2,6.506128766E1,2.547037979E1,1.871426006E1,1.559999943E0,4.709999847E1,3.790092468E0,2.500000000E0
2.346787544E2,6.506129641E1,2.547039541E1,1.827730781E1,1.379999995E0,3.490000153E1,3.790092468E0,2.500000000E0
2.356781970E2,6.506130708E1,2.547040312E1,1.797591303E1,1.269999981E0,1.950000000E1,3.790092468E0,2.500000000E0
2.366784791E2,6.506131846E1,2.547039791E1,1.786824211E1,1.139999986E0,5.400000095E0,3.790092468E0,2.500000000E0
2.376779786E2,6.506133099E1,2.547038653E1,1.778712036E1,1.200000048E0,3.533999939E2,3.790092468E0,2.500000000E0
2.386784418E2,6.506134470E1,2.547037441E1,1.753912796E1,1.149999976E0,3.527000122E2,3.790092468E0,2.500000000E0
2.396779956E2,6.506135966E1,2.547036563E1,1.776720968E1,1.220000029E0,3.547000122E2,3.790092468E0,2.500000000E0
2.406788548E2,6.506137510E1,2.547035650E1,1.751921696E1,1.350000024E0,3.547000122E2,3.790092468E0,2.500000000E0
2.416782943E2,6.506138979E1,2.547034365E1,1.715775975E1,1.330000043E0,3.452000122E2,3.790092468E0,2.500000000E0
2.426787426E2,6.506140320E1,2.547032749E1,1.658756242E1,1.289999962E0,3.386000061E2,3.790092468E0,2.500000000E0
2.436783016E2,6.506141721E1,2.547031899E1,1.669308594E1,1.409999967E0,3.497000122E2,3.790092468E0,2.500000000E0
2.446788841E2,6.506143186E1,2.547031863E1,1.682931081E1,1.419999957E0,3.586000061E2,3.790092468E0,2.500000000E0
2.456785029E2,6.506144649E1,2.547032031E1,1.692616824E1,1.409999967E0,3.563999939E2,3.790092468E0,2.500000000E0
2.466779964E2,6.506146041E1,2.547032273E1,1.709407095E1,1.370000005E0,3.597999878E2,3.790092468E0,2.500000000E0
2.476779574E2,6.506147375E1,2.547032380E1,1.731446396E1,1.289999962E0,3.592999878E2,3.790092468E0,2.500000000E0
2.486788334E2,6.506148616E1,2.547032430E1,1.739502571E1,1.210000038E0,3.582000122E2,3.790092468E0,2.500000000E0
2.496786029E2,6.506149650E1,2.547032788E1,1.754870872E1,1.029999971E0,1.000000015E-1,3.790092468E0,2.500000000E0
2.506781126E2,6.506150839E1,2.547033144E1,1.771716164E1,1.220000029E0,8.000000119E-1,3.790092468E0,2.500000000E0
2.516779526E2,6.506152089E1,2.547033457E1,1.794738186E1,1.230000019E0,4.000000060E-1,3.790092468E0,2.500000000E0
2.526783219E2,6.506153388E1,2.547033990E1,1.813792929E1,1.289999962E0,5.300000191E0,3.790092468E0,2.500000000E0
2.536781750E2,6.506155021E1,2.547034512E1,1.877329966E1,1.679999948E0,1.600000024E0,3.790092468E0,2.500000000E0
2.546788627E2,6.506156703E1,2.547034780E1,1.938535413E1,1.649999976E0,3.593999939E2,3.790092468E0,2.500000000E0
2.556787482E2,6.506158375E1,2.547035303E1,1.976443773E1,1.720000029E0,4.699999809E0,3.790092468E0,2.500000000E0
2.566785657E2,6.506159992E1,2.547035687E1,2.029971035E1,1.659999967E0,3.099999905E0,3.790092468E0,2.500000000E0
2.576784479E2,6.506161355E1,2.547035774E1,2.009700753E1,1.379999995E0,3.575000000E2,3.790092468E0,2.500000000E0
2.586787472E2,6.506162499E1,2.547035861E1,2.007570201E1,1.259999990E0,3.557999878E2,3.790092468E0,2.500000000E0
2.596787162E2,6.506163537E1,2.547036051E1,1.983973638E1,1.039999962E0,3.582000122E2,3.790092468E0,2.500000000E0
2.606786343E2,6.506164653E1,2.547036142E1,1.976313313E1,1.159999967E0,3.572999878E2,3.790092468E0,2.500000000E0
2.616785259E2,6.506165759E1,2.547035932E1,1.955573123E1,1.100000024E0,3.536000061E2,3.790092468E0,2.500000000E0
2.626788198E2,6.506167066E1,2.547035407E1,1.934198057E1,1.370000005E0,3.480000000E2,3.790092468E0,2.500000000E0
2.636780065E2,6.506168456E1,2.547035060E1,1.925878399E1,1.389999986E0,3.516000061E2,3.790092468E0,2.500000000E0
2.646786202E2,6.506169917E1,2.547035221E1,1.947185236E1,1.460000038E0,3.592000122E2,3.790092468E0,2.500000000E0
2.656784912E2,6.506171389E1,2.547035507E1,1.969425921E1,1.500000000E0,2.099999905E0,3.790092468E0,2.500000000E0
2.666783993E2,6.506173003E1,2.547035608E1,2.006620144E1,1.720000029E0,3.592000122E2,3.790092468E0,2.500000000E0
2.676785634E2,6.506174396E1,2.547035221E1,2.004471135E1,1.480000019E0,3.540000000E2,3.790092468E0,2.500000000E0
2.686779707E2,6.506175628E1,2.547034810E1,2.026113688E1,1.419999957E0,3.532000122E2,3.790092468E0,2.500000000E0
2.696779922E2,6.506176790E1,2.547034425E1,2.026894454E1,1.379999995E0,3.511000061E2,3.790092468E0,2.500000000E0
2.706779244E2,6.506177883E1,2.547033893E1,2.008034116E1,1.299999952E0,3.508999939E2,3.790092468E0,2.500000000E0
2.716787966E2,6.506178813E1,2.547033510E1,1.992042509E1,1.129999995E0,3.502999878E2,3.790092468E0,2.500000000E0
2.726783233E2,6.506179848E1,2.547032470E1,1.977509529E1,1.289999962E0,3.370000000E2,3.790092468E0,2.500000000E0
2.736782514E2,6.506180855E1,2.547030542E1,1.953277973E1,1.340000033E0,3.260000000E2,3.790092468E0,2.500000000E0
2.746779757E2,6.506181855E1,2.547028074E1,1.945281710E1,1.460000038E0,3.172000122E2,3.790092468E0,2.500000000E0
2.756785722E2,6.506182725E1,2.547024688E1,1.924913567E1,1.700000048E0,3.050000000E2,3.790092468E0,2.500000000E0
2.766784006E2,6.506183261E1,2.547020604E1,1.932176087E1,1.769999981E0,2.903999939E2,3.790092468E0,2.500000000E0
2.776782861E2,6.506183350E1,2.547016271E1,1.933438992E1,1.840000033E0,2.757000122E2,3.790092468E0,2.500000000E0
2.786787904E2,6.506183080E1,2.547012296E1,1.881595385E1,1.679999948E0,2.637000122E2,3.790092468E0,2.500000000E0
2.796786173E2,6.506182648E1,2.547008461E1,1.873459131E1,1.769999981E0,2.616000061E2,3.790092468E0,2.500000000E0
2.806788528E2,6.506182278E1,2.547004864E1,1.872653202E1,1.559999943E0,2.641000061E2,3.790092468E0,2.500000000E0
2.816785294E2,6.506181959E1,2.547001324E1,1.843746674E1,1.649999976E0,2.638999939E2,3.790092468E0,2.500000000E0
2.826779411E2,6.506181745E1,2.546998632E1,1.802535514E1,1.289999962E0,2.677999878E2,3.790092468E0,2.500000000E0
2.836788502E2,6.506181700E1,2.546996227E1,1.770992292E1,1.230000019E0,2.701000061E2,3.790092468E0,2.500000000E0
2.846785158E2,6.506181746E1,2.546993461E1,1.777302998E1,1.299999952E0,2.737000122E2,3.790092468E0,2.500000000E0
2.856784638E2,6.506181856E1,2.546990736E1,1.770143225E1,1.259999990E0,2.745000000E2,3.790092468E0,2.500000000E0
2.866783588E2,6.506182050E1,2.546987634E1,1.775013408E1,1.450000048E0,2.738999939E2,3.790092468E0,2.500000000E0
2.876787044E2,6.506182270E1,2.546984152E1,1.809833488E1,1.549999952E0,2.755000000E2,3.790092468E0,2.500000000E0
2.886786249E2,6.506182592E1,2.546980333E1,1.832226735E1,1.710000038E0,2.797000122E2,3.790092468E0,2.500000000E0
2.896782690E2,6.506182823E1,2.546976381E1,1.877593633E1,1.759999990E0,2.733999939E2,3.790092468E0,2.500000000E0
2.906785171E2,6.506182812E1,2.546972674E1,1.886907185E1,1.679999948E0,2.670000000E2,3.790092468E0,2.500000000E0
2.916779502E2,6.506182821E1,2.546968971E1,1.927989528E1,1.669999957E0,2.677000122E2,3.790092468E0,2.500000000E0
2.926787942E2,6.506182790E1,2.546965254E1,1.946684189E1,1.730000019E0,2.655000000E2,3.790092468E0,2.500000000E0
2.936784335E2,6.506182613E1,2.546961948E1,1.925022507E1,1.610000014E0,2.617000122E2,3.790092468E0,2.500000000E0
2.946781976E2,6.506182301E1,2.546958737E1,1.914542527E1,1.600000024E0,2.575000000E2,3.790092468E0,2.500000000E0
2.956788137E2,6.506181970E1,2.546955837E1,1.875821623E1,1.519999981E0,2.590000000E2,3.790092468E0,2.500000000E0
2.966782594E2,6.506181737E1,2.546953133E1,1.868784053E1,1.379999995E0,2.627000122E2,3.790092468E0,2.500000000E0
2.976781435E2,6.506181577E1,2.546950499E1,1.838247929E1,1.370000005E0,2.665000000E2,3.790092468E0,2.500000000E0
2.986787753E2,6.506181530E1,2.546948449E1,1.867898594E1,1.019999981E0,2.738999939E2,3.790092468E0,2.500000000E0
2.996786046E2,6.506181699E1,2.546945683E1,1.889352076E1,1.399999976E0,2.775000000E2,3.790092468E0,2.500000000E0
3.006782914E2,6.506181796E1,2.546942661E1,1.882051894E1,1.330000043E0,2.755000000E2,3.790092468E0,2.500000000E0
3.016786662E2,6.506181806E1,2.546939226E1,1.879488027E1,1.519999981E0,2.707000122E2,3.790092468E0,2.500000000E0
3.026786082E2,6.506181775E1,2.546935434E1,1.868074037E1,1.669999957E0,2.677000122E2,3.790092468E0,2.500000000E0
3.036786103E2,6.506181802E1,2.546931477E1,1.867139743E1,1.740000010E0,2.697999878E2,3.790092468E0,2.500000000E0
3.046783956E2,6.506181857E1,2.546927768E1,1.867938865E1,1.620000005E0,2.702999878E2,3.790092468E0,2.500000000E0
3.056787623E2,6.506181890E1,2.546923769E1,1.904345872E1,1.820000052E0,2.702999878E2,3.790092468E0,2.500000000E0
3.066779811E2,6.506181885E1,2.546920138E1,1.913500739E1,1.700000048E0,2.695000000E2,3.790092468E0,2.500000000E0
3.076781539E2,6.506181849E1,2.546916870E1,1.897423724E1,1.590000033E0,2.665000000E2,3.790092468E0,2.500000000E0
3.086783503E2,6.506181657E1,2.546913734E1,1.890807233E1,1.600000024E0,2.616000061E2,3.790092468E0,2.500000000E0
3.096787530E2,6.506181425E1,2.546910873E1,1.884813346E1,1.460000038E0,2.582000122E2,3.790092468E0,2.500000000E0
3.106785834E2,6.506181164E1,2.546908416E1,1.849254087E1,1.259999990E0,2.543000031E2,3.790092468E0,2.500000000E0
3.116782127E2,6.506180898E1,2.546906165E1,1.814469999E1,1.200000048E0,2.531999969E2,3.790092468E0,2.500000000E0
3.126781798E2,6.506180661E1,2.546903751E1,1.827799895E1,1.210000038E0,2.538000031E2,3.790092468E0,2.500000000E0
3.136786557E2,6.506180320E1,2.546900811E1,1.813181773E1,1.389999986E0,2.511999969E2,3.790092468E0,2.500000000E0
3.146784594E2,6.506179836E1,2.546897585E1,1.805741409E1,1.509999990E0,2.515000000E2,3.790092468E0,2.500000000E0
3.156783544E2,6.506179379E1,2.546893785E1,1.849967229E1,1.700000048E0,2.543000031E2,3.790092468E0,2.500000000E0
3.166785892E2,6.506179006E1,2.546890257E1,1.858627862E1,1.629999995E0,2.573999939E2,3.790092468E0,2.500000000E0
3.176781455E2,6.506178782E1,2.546886498E1,1.876919760E1,1.750000000E0,2.632999878E2,3.790092468E0,2.500000000E0
3.186781485E2,6.506178676E1,2.546882926E1,1.898000941E1,1.700000048E0,2.667000122E2,3.790092468E0,2.500000000E0
3.196780015E2,6.506178696E1,2.546879551E1,1.907546452E1,1.610000014E0,2.687999878E2,3.790092468E0,2.500000000E0
3.206779927E2,6.506178734E1,2.546876525E1,1.907338577E1,1.470000029E0,2.676000061E2,3.790092468E0,2.500000000E0
3.216781502E2,6.506178752E1,2.546873842E1,1.875032359E1,1.309999943E0,2.681000061E2,3.790092468E0,2.500000000E0
3.226779651E2,6.506178824E1,2.546871288E1,1.844538880E1,1.269999981E0,2.702000122E2,3.790092468E0,2.500000000E0
3.236783104E2,6.506178935E1,2.546868918E1,1.789466550E1,1.139999986E0,2.735000000E2,3.790092468E0,2.500000000E0
3.246786189E2,6.506179044E1,2.546866337E1,1.797217682E1,1.309999943E0,2.746000061E2,3.790092468E0,2.500000000E0
3.256783202E2,6.506179101E1,2.546863470E1,1.797723929E1,1.330000043E0,2.718999939E2,3.790092468E0,2.500000000E0
3.266784236E2,6.506179121E1,2.546860279E1,1.804376394E1,1.460000038E0,2.722000122E2,3.790092468E0,2.500000000E0
3.276781310E2,6.506179119E1,2.546856728E1,1.794653095E1,1.629999995E0,2.712000122E2,3.790092468E0,2.500000000E0
3.286789248E2,6.506179042E1,2.546853134E1,1.805059213E1,1.639999986E0,2.696000061E2,3.790092468E0,2.500000000E0
3.296788363E2,6.506178952E1,2.546849333E1,1.819737774E1,1.759999990E0,2.701000061E2,3.790092468E0,2.500000000E0
3.306788002E2,6.506178874E1,2.546845627E1,1.819816732E1,1.639999986E0,2.715000000E2,3.790092468E0,2.500000000E0
3.316782225E2,6.506178804E1,2.546841769E1,1.867252848E1,1.769999981E0,2.718999939E2,3.790092468E0,2.500000000E0
3.326787465E2,6.506178853E1,2.546838356E1,1.867051029E1,1.590000033E0,2.727000122E2,3.790092468E0,2.500000000E0
3.336787596E2,6.506178846E1,2.546835075E1,1.853488650E1,1.570000052E0,2.683999939E2,3.790092468E0,2.500000000E0
3.346780127E2,6.506178777E1,2.546832005E1,1.860006885E1,1.490000010E0,2.672999878E2,3.790092468E0,2.500000000E0
3.356782103E2,6.506178692E1,2.546829361E1,1.849014188E1,1.330000043E0,2.685000000E2,3.790092468E0,2.500000000E0
3.366781342E2,6.506178584E1,2.546826823E1,1.832223172E1,1.250000000E0,2.657000122E2,3.790092468E0,2.500000000E0
3.376783421E2,6.506178362E1,2.546824070E1,1.814351853E1,1.289999962E0,2.655000000E2,3.790092468E0,2.500000000E0
3.386788704E2,6.506178164E1,2.546821478E1,1.814046460E1,1.210000038E0,2.648999939E2,3.790092468E0,2.500000000E0
3.396789050E2,6.506177969E1,2.546818847E1,1.805653904E1,1.149999976E0,2.660000000E2,3.790092468E0,2.500000000E0
3.406787083E2,6.506177787E1,2.546815859E1,1.795875805E1,1.299999952E0,2.631000061E2,3.790092468E0,2.500000000E0
3.416779726E2,6.506177511E1,2.546812509E1,1.786885055E1,1.440000057E0,2.640000000E2,3.790092468E0,2.500000000E0
3.426786800E2,6.506177405E1,2.546809121E1,1.784321237E1,1.450000048E0,2.670000000E2,3.790092468E0,2.500000000E0
3.436782767E2,6.506177336E1,2.546805224E1,1.787488549E1,1.759999990E0,2.687999878E2,3.790092468E0,2.500000000E0
3.446782629E2,6.506177316E1,2.546801421E1,1.797986175E1,1.649999976E0,2.682999878E2,3.790092468E0,2.500000000E0
3.456788283E2,6.506177241E1,2.546797520E1,1.805706711E1,1.860000014E0,2.673999939E2,3.790092468E0,2.500000000E0
3.466787454E2,6.506177230E1,2.546794019E1,1.814098655E1,1.629999995E0,2.695000000E2,3.790092468E0,2.500000000E0
3.476779669E2,6.506177177E1,2.546790797E1,1.813231613E1,1.549999952E0,2.681000061E2,3.790092468E0,2.500000000E0
3.486782084E2,6.506177177E1,2.546787908E1,1.814244472E1,1.360000014E0,2.712999878E2,3.790092468E0,2.500000000E0
3.496784602E2,6.506177260E1,2.546785601E1,1.799388223E1,1.169999957E0,2.718999939E2,3.790092468E0,2.500000000E0
3.506783672E2,6.506177427E1,2.546783410E1,1.783653049E1,1.149999976E0,2.728999939E2,3.790092468E0,2.500000000E0
3.516786882E2,6.506177561E1,2.546781535E1,1.759330277E1,9.700000286E-1,2.712000122E2,3.790092468E0,2.500000000E0
3.526782105E2,6.506177696E1,2.546779007E1,1.748026230E1,1.279999971E0,2.723999939E2,3.790092468E0,2.500000000E0
3.536787235E2,6.506177771E1,2.546776096E1,1.730746821E1,1.350000024E0,2.677000122E2,3.790092468E0,2.500000000E0
3.546781412E2,6.506177798E1,2.546772991E1,1.731680299E1,1.440000057E0,2.680000000E2,3.790092468E0,2.500000000E0
3.556789081E2,6.506177955E1,2.546769704E1,1.755684996E1,1.529999971E0,2.762999878E2,3.790092468E0,2.500000000E0
3.566787908E2,6.506178222E1,2.546766020E1,1.737868317E1,1.769999981E0,2.776000061E2,3.790092468E0,2.500000000E0
3.576780624E2,6.506178506E1,2.546762403E1,1.782515018E1,1.720000029E0,2.787999878E2,3.790092468E0,2.500000000E0
3.586784452E2,6.506178897E1,2.546758820E1,1.818708313E1,1.720000029E0,2.818999939E2,3.790092468E0,2.500000000E0
3.596787520E2,6.506179185E1,2.546755299E1,1.847485882E1,1.759999990E0,2.805000000E2,3.790092468E0,2.500000000E0
3.606784438E2,6.506179543E1,2.546752002E1,1.904187034E1,1.629999995E0,2.841000061E2,3.790092468E0,2.500000000E0
3.616788010E2,6.506179954E1,2.546748655E1,1.918187965E1,1.720000029E0,2.826000061E2,3.790092468E0,2.500000000E0
3.626780331E2,6.506180357E1,2.546745758E1,1.890190659E1,1.480000019E0,2.817000122E2,3.790092468E0,2.500000000E0
3.636781814E2,6.506180647E1,2.546743165E1,1.887645090E1,1.309999943E0,2.781000061E2,3.790092468E0,2.500000000E0
3.646784747E2,6.506180920E1,2.546740375E1,1.872562884E1,1.320000052E0,2.783999939E2,3.790092468E0,2.500000000E0
3.656785273E2,6.506181191E1,2.546737864E1,1.859195799E1,1.169999957E0,2.822000122E2,3.790092468E0,2.500000000E0
3.666781198E2,6.506181469E1,2.546734965E1,1.838028374E1,1.379999995E0,2.832999878E2,3.790092468E0,2.500000000E0
3.676787856E2,6.506181670E1,2.546732127E1,1.825534081E1,1.259999990E0,2.827000122E2,3.790092468E0,2.500000000E0
3.686787683E2,6.506181770E1,2.546728851E1,1.836397931E1,1.490000010E0,2.775000000E2,3.790092468E0,2.500000000E0
3.696784532E2,6.506181682E1,2.546725648E1,1.796718649E1,1.460000038E0,2.712000122E2,3.790092468E0,2.500000000E0
3.706780031E2,6.506181703E1,2.546722065E1,1.835670874E1,1.679999948E0,2.783999939E2,3.790092468E0,2.500000000E0
3.716782691E2,6.506181722E1,2.546718268E1,1.841676298E1,1.779999971E0,2.715000000E2,3.790092468E0,2.500000000E0
3.726784937E2,6.506181453E1,2.546714764E1,1.862867413E1,1.620000005E0,2.642000122E2,3.790092468E0,2.500000000E0
3.736784145E2,6.506181050E1,2.546711208E1,1.910853006E1,1.769999981E0,2.608999939E2,3.790092468E0,2.500000000E0
3.746781479E2,6.506180482E1,2.546707817E1,1.893848446E1,1.700000048E0,2.551999969E2,3.790092468E0,2.500000000E0
3.756786080E2,6.506179650E1,2.546704782E1,1.921833041E1,1.690000057E0,2.440000000E2,3.790092468E0,2.500000000E0
3.766786505E2,6.506178711E1,2.546702356E1,1.927967160E1,1.519999981E0,2.358000031E2,3.790092468E0,2.500000000E0
3.776786030E2,6.506177900E1,2.546700147E1,1.921961362E1,1.289999962E0,2.358000031E2,3.790092468E0,2.500000000E0
3.786783389E2,6.506177124E1,2.546697935E1,1.901880843E1,1.309999943E0,2.361000061E2,3.790092468E0,2.500000000E0
3.796779982E2,6.506176362E1,2.546695854E1,1.869147745E1,1.210000038E0,2.316999969E2,3.790092468E0,2.500000000E0
3.806786439E2,6.506175597E1,2.546693714E1,1.878516693E1,1.240000010E0,2.303999939E2,3.790092468E0,2.500000000E0
3.816786316E2,6.506174865E1,2.546691806E1,1.838575352E1,1.070000052E0,2.240000000E2,3.790092468E0,2.500000000E0
3.826784262E2,6.506173965E1,2.546689987E1,1.829835256E1,1.250000000E0,2.153999939E2,3.790092468E0,2.500000000E0
3.836780082E2,6.506172966E1,2.546687748E1,1.853694029E1,1.419999957E0,2.208000031E2,3.790092468E0,2.500000000E0
3.846789281E2,6.506172029E1,2.546685095E1,1.874165280E1,1.509999990E0,2.278999939E2,3.790092468E0,2.500000000E0
3.856789165E2,6.506171184E1,2.546681999E1,1.858143525E1,1.659999967E0,2.351000061E2,3.790092468E0,2.500000000E0
3.866788691E2,6.506170187E1,2.546678830E1,1.832472163E1,1.750000000E0,2.281999969E2,3.790092468E0,2.500000000E0
3.876783529E2,6.506169099E1,2.546675791E1,1.838447579E1,1.850000024E0,2.273000031E2,3.790092468E0,2.500000000E0
3.886785758E2,6.506168148E1,2.546672900E1,1.862275742E1,1.740000010E0,2.288999939E2,3.790092468E0,2.500000000E0
3.896782120E2,6.506167283E1,2.546670318E1,1.879200831E1,1.649999976E0,2.286999969E2,3.790092468E0,2.500000000E0
3.906789271E2,6.506166381E1,2.546668092E1,1.909175291E1,1.669999957E0,2.266000061E2,3.790092468E0,2.500000000E0
3.916787758E2,6.506165526E1,2.546666098E1,1.899952981E1,1.590000033E0,2.275000000E2,3.790092468E0,2.500000000E0
3.926788009E2,6.506164826E1,2.546664076E1,1.894685687E1,1.440000057E0,2.311000061E2,3.790092468E0,2.500000000E0
3.936787450E2,6.506164266E1,2.546661793E1,1.897163672E1,1.389999986E0,2.378000031E2,3.790092468E0,2.500000000E0
3.946783096E2,6.506163750E1,2.546659311E1,1.852064713E1,1.360000014E0,2.400000000E2,3.790092468E0,2.500000000E0
3.956782306E2,6.506163134E1,2.546656709E1,1.815693806E1,1.429999948E0,2.368000031E2,3.790092468E0,2.500000000E0
3.966788173E2,6.506162604E1,2.546654202E1,1.807099977E1,1.360000014E0,2.388000031E2,3.790092468E0,2.500000000E0
3.976787092E2,6.506162127E1,2.546651885E1,1.804817184E1,1.210000038E0,2.408000031E2,3.790092468E0,2.500000000E0
3.986782552E2,6.506161612E1,2.546649571E1,1.828413312E1,1.179999948E0,2.421000061E2,3.790092468E0,2.500000000E0
3.996783960E2,6.506160763E1,2.546647179E1,1.794294715E1,1.360000014E0,2.313999939E2,3.790092468E0,2.500000000E0
4.006788190E2,6.506159778E1,2.546644729E1,1.801625139E1,1.379999995E0,2.266999969E2,3.790092468E0,2.500000000E0
4.016786570E2,6.506158640E1,2.546642348E1,1.767146547E1,1.490000010E0,2.256999969E2,3.790092468E0,2.500000000E0
4.026787155E2,6.506157239E1,2.546639668E1,1.718745902E1,1.700000048E0,2.235000000E2,3.790092468E0,2.500000000E0
4.036783027E2,6.506155915E1,2.546636790E1,1.753786369E1,1.779999971E0,2.290000000E2,3.790092468E0,2.500000000E0
4.046787125E2,6.506154821E1,2.546633994E1,1.783791356E1,1.639999986E0,2.300000000E2,3.790092468E0,2.500000000E0
4.056788578E2,6.506153676E1,2.546631406E1,1.781008300E1,1.679999948E0,2.273000031E2,3.790092468E0,2.500000000E0
4.066782821E2,6.506152617E1,2.546628996E1,1.814718151E1,1.600000024E0,2.256999969E2,3.790092468E0,2.500000000E0
4.076785563E2,6.506151587E1,2.546626723E1,1.800027127E1,1.580000043E0,2.246999969E2,3.790092468E0,2.500000000E0
4.086781463E2,6.506150761E1,2.546624813E1,1.812441780E1,1.340000033E0,2.268999939E2,3.790092468E0,2.500000000E0
4.096783133E2,6.506149774E1,2.546622987E1,1.765188534E1,1.450000048E0,2.178999939E2,3.790092468E0,2.500000000E0
4.106786196E2,6.506148741E1,2.546621495E1,1.725357219E1,1.379999995E0,2.166000061E2,3.790092468E0,2.500000000E0
4.116783921E2,6.506147771E1,2.546620051E1,1.675723639E1,1.389999986E0,2.151000061E2,3.790092468E0,2.500000000E0
4.126780323E2,6.506146988E1,2.546618362E1,1.729947382E1,1.269999981E0,2.220000000E2,3.790092468E0,2.500000000E0
4.136783514E2,6.506146216E1,2.546616547E1,1.697000696E1,1.230000019E0,2.210000000E2,3.790092468E0,2.500000000E0
4.146781920E2,6.506145352E1,2.546614467E1,1.716922668E1,1.360000014E0,2.210000000E2,3.790092468E0,2.500000000E0
4.156782158E2,6.506144472E1,2.546612077E1,1.737448859E1,1.409999967E0,2.291000061E2,3.790092468E0,2.500000000E0
4.166784322E2,6.506143261E1,2.546609673E1,1.730118731E1,1.730000019E0,2.171999969E2,3.790092468E0,2.500000000E0
4.176791147E2,6.506141964E1,2.546607426E1,1.775510821E1,1.659999967E0,2.186999969E2,3.790092468E0,2.500000000E0
4.186795862E2,6.506140822E1,2.546604991E1,1.741697508E1,1.659999967E0,2.215000000E2,3.790092468E0,2.500000000E0
4.196790722E2,6.506139868E1,2.546602802E1,1.763261348E1,1.509999990E0,2.243000031E2,3.790092468E0,2.500000000E0
4.206794462E2,6.506138867E1,2.546600972E1,1.799730032E1,1.559999943E0,2.170000000E2,3.790092468E0,2.500000000E0
4.216796095E2,6.506137932E1,2.546599462E1,1.802147212E1,1.419999957E0,2.176999969E2,3.790092468E0,2.500000000E0
4.226797988E2,6.506137185E1,2.546598210E1,1.832732075E1,1.279999971E0,2.173999939E2,3.790092468E0,2.500000000E0
4.236789981E2,6.506136500E1,2.546596977E1,1.818083761E1,1.139999986E0,2.188000031E2,3.790092468E0,2.500000000E0
4.246797593E2,6.506135778E1,2.546595583E1,1.867668842E1,1.159999967E0,2.153999939E2,3.790092468E0,2.500000000E0
4.256795899E2,6.506134833E1,2.546594079E1,1.841863371E1,1.289999962E0,2.148000031E2,3.790092468E0,2.500000000E0
4.266788895E2,6.506133796E1,2.546592251E1,1.851580360E1,1.389999986E0,2.146000061E2,3.790092468E0,2.500000000E0
4.276796551E2,6.506132678E1,2.546590405E1,1.860845718E1,1.440000057E0,2.128999939E2,3.790092468E0,2.500000000E0
4.286795598E2,6.506131401E1,2.546588512E1,1.914715623E1,1.559999943E0,2.101999969E2,3.790092468E0,2.500000000E0
4.296793899E2,6.506130124E1,2.546586403E1,1.941607966E1,1.669999957E0,2.196999969E2,3.790092468E0,2.500000000E0
4.306791037E2,6.506128878E1,2.546584125E1,1.978766390E1,1.679999948E0,2.160000000E2,3.790092468E0,2.500000000E0
4.316797428E2,6.506127752E1,2.546582040E1,2.033350328E1,1.490000010E0,2.185000000E2,3.790092468E0,2.500000000E0
4.326794235E2,6.506126762E1,2.546579461E1,2.080011795E1,1.669999957E0,2.185000000E2,3.790092468E0,2.500000000E0
4.336791797E2,6.506125614E1,2.546576938E1,2.089161122E1,1.750000000E0,2.173000031E2,3.790092468E0,2.500000000E0
4.346789564E2,6.506124508E1,2.546574688E1,2.085523598E1,1.590000033E0,2.166999969E2,3.790092468E0,2.500000000E0
4.356791115E2,6.506123688E1,2.546572674E1,2.136970219E1,1.330000043E0,2.188000031E2,3.790092468E0,2.500000000E0
4.366796675E2,6.506122867E1,2.546571084E1,2.172456195E1,1.279999971E0,2.096000061E2,3.790092468E0,2.500000000E0
4.376795003E2,6.506121815E1,2.546570272E1,2.149733119E1,1.269999981E0,1.940000000E2,3.790092468E0,2.500000000E0
4.386793318E2,6.506120649E1,2.546569351E1,2.128029361E1,1.340000033E0,1.998999939E2,3.790092468E0,2.500000000E0
4.396797607E2,6.506119693E1,2.546568293E1,2.114241767E1,1.090000033E0,2.033999939E2,3.790092468E0,2.500000000E0
4.406797618E2,6.506118534E1,2.546567045E1,2.088173956E1,1.320000052E0,2.043000031E2,3.790092468E0,2.570311785E0
4.416789899E2,6.506117082E1,2.546565927E1,2.156039377E1,1.480000019E0,1.963000031E2,3.790092468E0,2.658018112E0
4.426789908E2,6.506115704E1,2.546564159E1,2.186368076E1,1.559999943E0,2.073999939E2,3.790092468E0,2.712042570E0
4.436797460E2,6.506114268E1,2.546562251E1,2.183945317E1,1.730000019E0,2.076999969E2,3.790092468E0,2.500000000E0
4.446790149E2,6.506112624E1,2.546560992E1,2.187375982E1,1.850000024E0,1.943999939E2,3.790092468E0,2.500000000E0
4.456792328E2,6.506111040E1,2.546560148E1,2.165928740E1,1.779999971E0,1.928000031E2,3.790092468E0,2.500000000E0
4.466792035E2,6.506109787E1,2.546559048E1,2.107426900E1,1.539999962E0,2.041000061E2,3.790092468E0,2.503693342E0
4.476791525E2,6.506108720E1,2.546557305E1,2.075658315E1,1.490000010E0,2.138999939E2,3.790092468E0,2.500000000E0
4.486794871E2,6.506107758E1,2.546555711E1,2.109630673E1,1.350000024E0,2.116000061E2,3.790092468E0,2.500000000E0
4.496789261E2,6.506106999E1,2.546553862E1,2.121050435E1,1.200000048E0,2.191000061E2,3.790092468E0,2.500000000E0
4.506794170E2,6.506106252E1,2.546551758E1,2.098809274E1,1.190000057E0,2.213999939E2,3.790092468E0,2.500000000E0
4.516794385E2,6.506105909E1,2.546549790E1,2.203514996E1,8.700000048E-1,2.296999969E2,3.790092468E0,2.500000000E0
4.526790957E2,6.506105353E1,2.546547637E1,2.242565261E1,1.059999943E0,2.273000031E2,3.790092468E0,2.500000000E0
4.536797344E2,6.506104586E1,2.546545584E1,2.259594134E1,1.100000024E0,2.288999939E2,3.790092468E0,2.500000000E0
4.546796056E2,6.506103858E1,2.546543454E1,2.318761655E1,1.059999943E0,2.341999969E2,3.790092468E0,2.500000000E0
4.556796634E2,6.506102787E1,2.546540483E1,2.293517592E1,1.649999976E0,2.325000000E2,3.790092468E0,2.500000000E0
4.566792835E2,6.506101589E1,2.546537408E1,2.303326057E1,1.710000038E0,2.303000031E2,3.790092468E0,2.500000000E0
4.576796601E2,6.506100114E1,2.546534888E1,2.249029465E1,1.789999962E0,2.161999969E2,3.790092468E0,2.500000000E0
4.586795326E2,6.506098676E1,2.546534075E1,2.198913959E1,1.309999943E0,1.960000000E2,3.790092468E0,2.500000000E0
4.596794471E2,6.506097365E1,2.546535434E1,2.175666323E1,1.340000033E0,1.551000061E2,3.790092468E0,2.500000000E0
4.606791412E2,6.506096107E1,2.546539130E1,2.097810774E1,1.690000057E0,1.226999969E2,3.790092468E0,2.500000000E0
4.616796715E2,6.506095364E1,2.546542577E1,2.106685956E1,1.350000024E0,1.034000015E2,3.790092468E0,2.500000000E0
4.626790112E2,6.506094638E1,2.546545734E1,2.101632877E1,1.389999986E0,1.053000031E2,3.790092468E0,2.500000000E0
4.636795538E2,6.506093671E1,2.546548398E1,2.073148438E1,1.169999957E0,1.119000015E2,3.790092468E0,2.500000000E0
4.646793136E2,6.506092641E1,2.546551231E1,1.966764873E1,1.269999981E0,1.090999985E2,3.790092468E0,2.500000000E0
4.656797091E2,6.506091920E1,2.546553963E1,1.940923170E1,1.120000005E0,9.900000000E1,3.790092468E0,2.500000000E0
4.666793565E2,6.506091319E1,2.546557162E1,1.895898124E1,1.190000057E0,9.090000153E1,3.790092468E0,2.500000000E0
4.676796546E2,6.506090895E1,2.546560770E1,1.859961190E1,1.309999943E0,9.150000000E1,3.790092468E0,2.500000000E0
4.686791748E2,6.506090591E1,2.546564381E1,1.832947550E1,1.360000014E0,9.069999695E1,3.790092468E0,2.500000000E0
4.696795422E2,6.506090290E1,2.546568244E1,1.821027932E1,1.509999990E0,9.409999847E1,3.790092468E0,2.500000000E0
4.706789489E2,6.506090059E1,2.546572142E1,1.806355605E1,1.559999943E0,9.050000000E1,3.790092468E0,2.500000000E0
4.716792654E2,6.506090040E1,2.546575818E1,1.845656561E1,1.590000033E0,8.650000000E1,3.790092468E0,2.500000000E0
4.726796587E2,6.506089994E1,2.546579545E1,1.831515149E1,1.639999986E0,8.880000305E1,3.790092468E0,2.500000000E0
4.736791125E2,6.506089914E1,2.546583251E1,1.839486786E1,1.710000038E0,8.940000153E1,3.790092468E0,2.500000000E0
4.746794292E2,6.506089830E1,2.546586550E1,1.828195684E1,1.580000043E0,9.109999847E1,3.790092468E0,2.500000000E0
4.756792113E2,6.506090074E1,2.546589477E1,1.922647822E1,1.500000000E0,7.609999847E1,3.790092468E0,2.500000000E0
4.766794371E2,6.506090202E1,2.546591819E1,1.862314783E1,1.240000010E0,8.640000153E1,3.790092468E0,2.500000000E0
4.776789950E2,6.506090038E1,2.546594114E1,1.772404214E1,1.240000010E0,9.669999695E1,3.790092468E0,2.500000000E0
4.786796753E2,6.506089958E1,2.546596594E1,1.742869610E1,1.250000000E0,9.350000000E1,3.790092468E0,2.500000000E0
4.796793076E2,6.506090141E1,2.546598783E1,1.804118564E1,1.139999986E0,8.100000000E1,3.790092468E0,2.500000000E0
4.806797791E2,6.506090627E1,2.546601110E1,1.844395738E1,1.259999990E0,7.050000000E1,3.790092468E0,2.500000000E0
4.816799455E2,6.506091188E1,2.546602779E1,1.943876911E1,9.100000262E-1,5.900000000E1,3.790092468E0,2.500000000E0
4.826792717E2,6.506091583E1,2.546604966E1,1.940690969E1,1.070000052E0,6.220000076E1,3.790092468E0,2.500000000E0
4.836789426E2,6.506091674E1,2.546607961E1,1.951763047E1,1.240000010E0,8.559999847E1,3.790092468E0,2.500000000E0
4.846793942E2,6.506091231E1,2.546611053E1,2.013866834E1,1.409999967E0,1.170000000E2,3.790092468E0,2.500000000E0
4.856789950E2,6.506090814E1,2.546613657E1,2.096283057E1,1.220000029E0,1.169000015E2,3.790092468E0,2.500000000E0
4.866796439E2,6.506091015E1,2.546616522E1,2.185022314E1,1.240000010E0,9.790000153E1,3.790092468E0,2.752932072E0
4.876792130E2,6.506091458E1,2.546618600E1,2.106683754E1,9.800000191E-1,8.530000305E1,3.790092468E0,2.909224987E0
4.886795651E2,6.506091767E1,2.546620206E1,2.130420387E1,7.300000191E-1,1.154000015E2,3.790092468E0,2.989042044E0
4.896794386E2,6.506091361E1,2.546622190E1,2.088098987E1,1.190000057E0,1.259000015E2,3.790092468E0,2.760670662E0
4.906798242E2,6.506091081E1,2.546624283E1,2.079206507E1,1.049999952E0,1.178000031E2,3.790092468E0,2.561468124E0
4.916791184E2,6.506091333E1,2.546624185E1,2.163849954E1,3.300000131E-1,1.283000031E2,3.790092468E0,2.571804762E0
4.926796392E2,6.506091958E1,2.546623764E1,2.200202207E1,0.000000000E0,NaN,3.790092468E0,2.638858080E0
4.936798758E2,6.506091837E1,2.546622880E1,2.157166265E1,3.799999952E-1,1.986999969E2,3.790092468E0,2.779977560E0
4.946796398E2,6.506091249E1,2.546621900E1,2.171131224E1,7.599999905E-1,1.948000031E2,3.790092468E0,3.009508371E0
4.956791248E2,6.506090569E1,2.546620862E1,2.158210226E1,8.299999833E-1,2.036000061E2,3.790092468E0,3.311982632E0
4.966790154E2,6.506089738E1,2.546619437E1,2.182105648E1,1.009999990E0,2.066000061E2,4.243408680E0,3.574135542E0
4.976792563E2,6.506088775E1,2.546618083E1,2.188606110E1,1.110000014E0,2.060000000E2,5.537615776E0,3.868662596E0
4.986792933E2,6.506087844E1,2.546616335E1,2.221138009E1,1.179999948E0,2.105000000E2,6.907842636E0,4.438891888E0
4.996792243E2,6.506086907E1,2.546614630E1,2.221559319E1,1.169999957E0,2.118000031E2,8.753143311E0,4.611866951E0
5.006798917E2,6.506086524E1,2.546616432E1,2.188515234E1,8.799999952E-1,1.636999969E2,8.262784958E0,4.669909477E0
5.016795645E2,6.506086301E1,2.546618500E1,2.178408129E1,8.100000024E-1,1.373999939E2,8.810299873E0,4.780683517E0
5.026794971E2,6.506086023E1,2.546620776E1,2.178249798E1,9.800000191E-1,1.361999969E2,9.521666527E0,4.866385460E0
5.036797769E2,6.506085717E1,2.546623450E1,2.203653047E1,1.070000052E0,1.311000061E2,1.021533298E1,4.916082382E0
5.046798190E2,6.506084820E1,2.546624630E1,2.235440631E1,1.139999986E0,1.411000061E2,9.937902451E0,4.931346416E0
5.056789362E2,6.506082886E1,2.546621463E1,2.316739846E1,1.490000010E0,1.798000031E2,8.071415901E0,4.942916393E0
5.066791335E2,6.506081608E1,2.546621289E1,2.299253743E1,1.200000048E0,1.766999969E2,7.639601231E0,4.869756222E0
5.076798908E2,6.506080766E1,2.546621202E1,2.410985013E1,1.110000014E0,1.716999969E2,7.090218067E0,4.726306438E0
5.086790568E2,6.506079940E1,2.546621332E1,2.461992423E1,1.100000024E0,1.721999969E2,6.877335548E0,4.590865135E0
5.096795873E2,6.506079173E1,2.546623374E1,2.550896754E1,1.080000043E0,1.648999939E2,6.574409485E0,4.556999683E0
5.106791098E2,6.506078447E1,2.546624384E1,2.637628102E1,9.900000095E-1,1.706999969E2,6.576621056E0,4.631484509E0
5.116789637E2,6.506077358E1,2.546625474E1,2.642822732E1,1.039999962E0,1.608999939E2,6.556167603E0,4.674314499E0
5.126790470E2,6.506076145E1,2.546626508E1,2.705146310E1,1.029999971E0,1.568000031E2,6.547885895E0,4.735690117E0
5.136798970E2,6.506075040E1,2.546627015E1,2.762666321E1,1.070000052E0,1.596999969E2,6.653189182E0,4.866367340E0
5.146796625E2,6.506074303E1,2.546627738E1,2.738472348E1,1.169999957E0,1.648000031E2,6.648154736E0,4.800801754E0
5.156797001E2,6.506073333E1,2.546630696E1,2.771883694E1,1.769999981E0,1.338999939E2,6.710260868E0,4.826826096E0
5.166796182E2,6.506072745E1,2.546633867E1,2.755581783E1,1.529999971E0,1.263000031E2,7.541701794E0,5.224219799E0
5.176797951E2,6.506071987E1,2.546636062E1,2.770310102E1,1.279999971E0,1.326000061E2,8.213766098E0,5.465814114E0
5.186789965E2,6.506071040E1,2.546637186E1,2.770750043E1,1.169999957E0,1.441000061E2,8.911238670E0,5.684418678E0
5.196792054E2,6.506070040E1,2.546638145E1,2.769987593E1,1.179999948E0,1.488999939E2,9.933541298E0,5.951483250E0
5.206791445E2,6.506069712E1,2.546638280E1,2.769633730E1,0.000000000E0,NaN,1.133778763E1,6.301027298E0
5.216797648E2,6.506069626E1,2.546638189E1,2.769621546E1,0.000000000E0,NaN,1.197394276E1,6.361968994E0
5.226791805E2,6.506069571E1,2.546638131E1,2.769615457E1,0.000000000E0,NaN,1.363710403E1,6.464474678E0
5.236792547E2,6.506069536E1,2.546638093E1,2.769603259E1,0.000000000E0,NaN,1.512039471E1,6.607116222E0
5.414014913E2,6.506072250E1,2.546591360E1,2.431469481E1,NaN,NaN,1.147500038E1,1.817183495E0
5.486790204E2,6.506060494E1,2.546615610E1,2.963976767E1,0.000000000E0,NaN,2.948090744E1,1.241066837E1
5.496797341E2,6.506057607E1,2.546609204E1,3.010565292E1,5.600000024E-1,1.718999939E2,2.931459808E1,1.258417320E1
5.506796498E2,6.506056253E1,2.546606393E1,2.986352851E1,2.700000107E-1,2.128999939E2,2.929942322E1,1.276248074E1
5.516792627E2,6.506054611E1,2.546602008E1,3.011371301E1,3.100000024E-1,1.158000031E2,2.920445633E1,1.294038677E1
5.526795117E2,6.506053576E1,2.546599217E1,3.004218065E1,1.070000052E0,2.556999969E2,2.929827499E1,1.312028694E1
5.536790848E2,6.506053138E1,2.546596062E1,2.970190781E1,9.499999881E-1,2.645000000E2,2.944347382E1,1.327222061E1
5.546791865E2,6.506052624E1,2.546593613E1,2.976526154E1,2.300000042E-1,5.329999924E1,2.956816483E1,1.343984604E1
5.556796145E2,6.506052529E1,2.546592433E1,2.961810483E1,2.300000042E-1,1.319999981E1,2.974038315E1,1.359911537E1
